0,12.3895,11.1486,14.7646,13.7674,11.8454,11.8538,10.6288,11.7043,11.3323,9.86406,10.5154
1,14.7646,10.5154,13.7674,11.8454,11.8538,10.6288,11.7043,11.3323,9.86406,11.1486,9.23373
2,13.7674,9.23373,11.8454,11.8538,10.6288,11.7043,11.3323,9.86406,11.1486,10.5154,12.0862
3,11.8454,12.0862,11.8538,10.6288,11.7043,11.3323,9.86406,11.1486,10.5154,9.23373,10.1438
4,11.8538,10.1438,10.6288,11.7043,11.3323,9.86406,11.1486,10.5154,9.23373,12.0862,7.4817
5,10.6288,7.4817,11.7043,11.3323,9.86406,11.1486,10.5154,9.23373,12.0862,10.1438,9.97092
6,11.7043,9.97092,11.3323,9.86406,11.1486,10.5154,9.23373,12.0862,10.1438,7.4817,9.21474
7,11.3323,9.21474,9.86406,11.1486,10.5154,9.23373,12.0862,10.1438,7.4817,9.97092,14.0907
8,9.86406,14.0907,11.1486,10.5154,9.23373,12.0862,10.1438,7.4817,9.97092,9.21474,11.456
9,11.1486,11.456,10.5154,9.23373,12.0862,10.1438,7.4817,9.97092,9.21474,14.0907,13.7718
10,10.5154,13.7718,9.23373,12.0862,10.1438,7.4817,9.97092,9.21474,14.0907,11.456,15.7275
11,9.23373,15.7275,12.0862,10.1438,7.4817,9.97092,9.21474,14.0907,11.456,13.7718,11.8064
12,12.0862,11.8064,10.1438,7.4817,9.97092,9.21474,14.0907,11.456,13.7718,15.7275,10.2364
13,10.1438,10.2364,7.4817,9.97092,9.21474,14.0907,11.456,13.7718,15.7275,11.8064,7.69532
14,7.4817,7.69532,9.97092,9.21474,14.0907,11.456,13.7718,15.7275,11.8064,10.2364,10.767
15,9.97092,10.767,9.21474,14.0907,11.456,13.7718,15.7275,11.8064,10.2364,7.69532,14.2336
16,9.21474,14.2336,14.0907,11.456,13.7718,15.7275,11.8064,10.2364,7.69532,10.767,10.1661
17,14.0907,10.1661,11.456,13.7718,15.7275,11.8064,10.2364,7.69532,10.767,14.2336,11.7882
18,11.456,11.7882,13.7718,15.7275,11.8064,10.2364,7.69532,10.767,14.2336,10.1661,12.543
19,13.7718,12.543,15.7275,11.8064,10.2364,7.69532,10.767,14.2336,10.1661,11.7882,11.3028
20,15.7275,11.3028,11.8064,10.2364,7.69532,10.767,14.2336,10.1661,11.7882,12.543,11.0737
21,11.8064,11.0737,10.2364,7.69532,10.767,14.2336,10.1661,11.7882,12.543,11.3028,9.87128
22,10.2364,9.87128,7.69532,10.767,14.2336,10.1661,11.7882,12.543,11.3028,11.0737,10.9912
23,7.69532,10.9912,10.767,14.2336,10.1661,11.7882,12.543,11.3028,11.0737,9.87128,11.1826
24,10.767,11.1826,14.2336,10.1661,11.7882,12.543,11.3028,11.0737,9.87128,10.9912,9.48083
25,14.2336,9.48083,10.1661,11.7882,12.543,11.3028,11.0737,9.87128,10.9912,11.1826,12.2974
26,10.1661,12.2974,11.7882,12.543,11.3028,11.0737,9.87128,10.9912,11.1826,9.48083,11.5683
27,11.7882,11.5683,12.543,11.3028,11.0737,9.87128,10.9912,11.1826,9.48083,12.2974,9.11761
28,12.543,9.11761,11.3028,11.0737,9.87128,10.9912,11.1826,9.48083,12.2974,11.5683,8.47475
29,11.3028,8.47475,11.0737,9.87128,10.9912,11.1826,9.48083,12.2974,11.5683,9.11761,8.98125
30,11.0737,8.98125,9.87128,10.9912,11.1826,9.48083,12.2974,11.5683,9.11761,8.47475,7.57904
31,9.87128,7.57904,10.9912,11.1826,9.48083,12.2974,11.5683,9.11761,8.47475,8.98125,4.89499
32,10.9912,4.89499,11.1826,9.48083,12.2974,11.5683,9.11761,8.47475,8.98125,7.57904,5.71684
33,11.1826,5.71684,9.48083,12.2974,11.5683,9.11761,8.47475,8.98125,7.57904,4.89499,7.54981
34,9.48083,7.54981,12.2974,11.5683,9.11761,8.47475,8.98125,7.57904,4.89499,5.71684,6.30264
35,12.2974,6.30264,11.5683,9.11761,8.47475,8.98125,7.57904,4.89499,5.71684,7.54981,5.88324
36,11.5683,5.88324,9.11761,8.47475,8.98125,7.57904,4.89499,5.71684,7.54981,6.30264,5.5886
37,9.11761,5.5886,8.47475,8.98125,7.57904,4.89499,5.71684,7.54981,6.30264,5.88324,6.04922
38,8.47475,6.04922,8.98125,7.57904,4.89499,5.71684,7.54981,6.30264,5.88324,5.5886,7.66162
39,8.98125,7.66162,7.57904,4.89499,5.71684,7.54981,6.30264,5.88324,5.5886,6.04922,9.12343
40,7.57904,9.12343,4.89499,5.71684,7.54981,6.30264,5.88324,5.5886,6.04922,7.66162,7.90817
41,4.89499,7.90817,5.71684,7.54981,6.30264,5.88324,5.5886,6.04922,7.66162,9.12343,7.82254
42,5.71684,7.82254,7.54981,6.30264,5.88324,5.5886,6.04922,7.66162,9.12343,7.90817,6.21159
43,7.54981,6.21159,6.30264,5.88324,5.5886,6.04922,7.66162,9.12343,7.90817,7.82254,6.98409
44,6.30264,6.98409,5.88324,5.5886,6.04922,7.66162,9.12343,7.90817,7.82254,6.21159,8.57869
45,5.88324,8.57869,5.5886,6.04922,7.66162,9.12343,7.90817,7.82254,6.21159,6.98409,8.0655
46,5.5886,8.0655,6.04922,7.66162,9.12343,7.90817,7.82254,6.21159,6.98409,8.57869,9.69433
47,6.04922,9.69433,7.66162,9.12343,7.90817,7.82254,6.21159,6.98409,8.57869,8.0655,11.0244
48,7.66162,11.0244,9.12343,7.90817,7.82254,6.21159,6.98409,8.57869,8.0655,9.69433,11.144
49,9.12343,11.144,7.90817,7.82254,6.21159,6.98409,8.57869,8.0655,9.69433,11.0244,11.384
50,7.90817,11.384,7.82254,6.21159,6.98409,8.57869,8.0655,9.69433,11.0244,11.144,10.0513
51,7.82254,10.0513,6.21159,6.98409,8.57869,8.0655,9.69433,11.0244,11.144,11.384,8.92264
52,6.21159,8.92264,6.98409,8.57869,8.0655,9.69433,11.0244,11.144,11.384,10.0513,5.39571
53,6.98409,5.39571,8.57869,8.0655,9.69433,11.0244,11.144,11.384,10.0513,8.92264,8.90693
54,8.57869,8.90693,8.0655,9.69433,11.0244,11.144,11.384,10.0513,8.92264,5.39571,10.5487
55,8.0655,10.5487,9.69433,11.0244,11.144,11.384,10.0513,8.92264,5.39571,8.90693,7.52277
56,9.69433,7.52277,11.0244,11.144,11.384,10.0513,8.92264,5.39571,8.90693,10.5487,7.46129
57,11.0244,7.46129,11.144,11.384,10.0513,8.92264,5.39571,8.90693,10.5487,7.52277,5.84861
58,11.144,5.84861,11.384,10.0513,8.92264,5.39571,8.90693,10.5487,7.52277,7.46129,6.54202
59,11.384,6.54202,10.0513,8.92264,5.39571,8.90693,10.5487,7.52277,7.46129,5.84861,6.52964
60,10.0513,6.52964,8.92264,5.39571,8.90693,10.5487,7.52277,7.46129,5.84861,6.54202,7.7014
61,8.92264,7.7014,5.39571,8.90693,10.5487,7.52277,7.46129,5.84861,6.54202,6.52964,7.47405
62,5.39571,7.47405,8.90693,10.5487,7.52277,7.46129,5.84861,6.54202,6.52964,7.7014,4.65591
63,8.90693,4.65591,10.5487,7.52277,7.46129,5.84861,6.54202,6.52964,7.7014,7.47405,5.91378
64,10.5487,5.91378,7.52277,7.46129,5.84861,6.54202,6.52964,7.7014,7.47405,4.65591,9.2468
65,7.52277,9.2468,7.46129,5.84861,6.54202,6.52964,7.7014,7.47405,4.65591,5.91378,8.02943
66,7.46129,8.02943,5.84861,6.54202,6.52964,7.7014,7.47405,4.65591,5.91378,9.2468,8.30124
67,5.84861,8.30124,6.54202,6.52964,7.7014,7.47405,4.65591,5.91378,9.2468,8.02943,11.3478
68,6.54202,11.3478,6.52964,7.7014,7.47405,4.65591,5.91378,9.2468,8.02943,8.30124,10.832
69,6.52964,10.832,7.7014,7.47405,4.65591,5.91378,9.2468,8.02943,8.30124,11.3478,8.56534
70,7.7014,8.56534,7.47405,4.65591,5.91378,9.2468,8.02943,8.30124,11.3478,10.832,9.28306
71,7.47405,9.28306,4.65591,5.91378,9.2468,8.02943,8.30124,11.3478,10.832,8.56534,10.0403
72,4.65591,10.0403,5.91378,9.2468,8.02943,8.30124,11.3478,10.832,8.56534,9.28306,11.281
73,5.91378,11.281,9.2468,8.02943,8.30124,11.3478,10.832,8.56534,9.28306,10.0403,9.07933
74,9.2468,9.07933,8.02943,8.30124,11.3478,10.832,8.56534,9.28306,10.0403,11.281,5.61745
75,8.02943,5.61745,8.30124,11.3478,10.832,8.56534,9.28306,10.0403,11.281,9.07933,8.54397
76,8.30124,8.54397,11.3478,10.832,8.56534,9.28306,10.0403,11.281,9.07933,5.61745,9.64597
77,11.3478,9.64597,10.832,8.56534,9.28306,10.0403,11.281,9.07933,5.61745,8.54397,6.60114
78,10.832,6.60114,8.56534,9.28306,10.0403,11.281,9.07933,5.61745,8.54397,9.64597,8.77609
79,8.56534,8.77609,9.28306,10.0403,11.281,9.07933,5.61745,8.54397,9.64597,6.60114,6.19437
80,9.28306,6.19437,10.0403,11.281,9.07933,5.61745,8.54397,9.64597,6.60114,8.77609,9.14506
81,10.0403,9.14506,11.281,9.07933,5.61745,8.54397,9.64597,6.60114,8.77609,6.19437,6.45305
82,11.281,6.45305,9.07933,5.61745,8.54397,9.64597,6.60114,8.77609,6.19437,9.14506,5.26631
83,9.07933,5.26631,5.61745,8.54397,9.64597,6.60114,8.77609,6.19437,9.14506,6.45305,5.84417
84,5.61745,5.84417,8.54397,9.64597,6.60114,8.77609,6.19437,9.14506,6.45305,5.26631,4.93343
85,8.54397,4.93343,9.64597,6.60114,8.77609,6.19437,9.14506,6.45305,5.26631,5.84417,5.7446
86,9.64597,5.7446,6.60114,8.77609,6.19437,9.14506,6.45305,5.26631,5.84417,4.93343,5.38563
87,6.60114,5.38563,8.77609,6.19437,9.14506,6.45305,5.26631,5.84417,4.93343,5.7446,6.23169
88,8.77609,6.23169,6.19437,9.14506,6.45305,5.26631,5.84417,4.93343,5.7446,5.38563,6.18828
89,6.19437,6.18828,9.14506,6.45305,5.26631,5.84417,4.93343,5.7446,5.38563,6.23169,6.08833
90,9.14506,6.08833,6.45305,5.26631,5.84417,4.93343,5.7446,5.38563,6.23169,6.18828,5.84949
91,6.45305,5.84949,5.26631,5.84417,4.93343,5.7446,5.38563,6.23169,6.18828,6.08833,6.25987
92,5.26631,6.25987,5.84417,4.93343,5.7446,5.38563,6.23169,6.18828,6.08833,5.84949,4.68346
93,5.84417,4.68346,4.93343,5.7446,5.38563,6.23169,6.18828,6.08833,5.84949,6.25987,3.80341
94,4.93343,3.80341,5.7446,5.38563,6.23169,6.18828,6.08833,5.84949,6.25987,4.68346,3.92545
95,5.7446,3.92545,5.38563,6.23169,6.18828,6.08833,5.84949,6.25987,4.68346,3.80341,1.1869
96,5.38563,1.1869,6.23169,6.18828,6.08833,5.84949,6.25987,4.68346,3.80341,3.92545,3.05878
97,6.23169,3.05878,6.18828,6.08833,5.84949,6.25987,4.68346,3.80341,3.92545,1.1869,4.03997
98,6.18828,4.03997,6.08833,5.84949,6.25987,4.68346,3.80341,3.92545,1.1869,3.05878,5.45225
99,6.08833,5.45225,5.84949,6.25987,4.68346,3.80341,3.92545,1.1869,3.05878,4.03997,5.79963
100,5.84949,5.79963,6.25987,4.68346,3.80341,3.92545,1.1869,3.05878,4.03997,5.45225,3.94497
101,6.25987,3.94497,4.68346,3.80341,3.92545,1.1869,3.05878,4.03997,5.45225,5.79963,5.58093
102,4.68346,5.58093,3.80341,3.92545,1.1869,3.05878,4.03997,5.45225,5.79963,3.94497,7.12776
103,3.80341,7.12776,3.92545,1.1869,3.05878,4.03997,5.45225,5.79963,3.94497,5.58093,6.45552
104,3.92545,6.45552,1.1869,3.05878,4.03997,5.45225,5.79963,3.94497,5.58093,7.12776,4.73106
105,1.1869,4.73106,3.05878,4.03997,5.45225,5.79963,3.94497,5.58093,7.12776,6.45552,3.82905
106,3.05878,3.82905,4.03997,5.45225,5.79963,3.94497,5.58093,7.12776,6.45552,4.73106,4.39918
107,4.03997,4.39918,5.45225,5.79963,3.94497,5.58093,7.12776,6.45552,4.73106,3.82905,3.05578
108,5.45225,3.05578,5.79963,3.94497,5.58093,7.12776,6.45552,4.73106,3.82905,4.39918,2.79779
109,5.79963,2.79779,3.94497,5.58093,7.12776,6.45552,4.73106,3.82905,4.39918,3.05578,2.59964
110,3.94497,2.59964,5.58093,7.12776,6.45552,4.73106,3.82905,4.39918,3.05578,2.79779,5.54673
111,5.58093,5.54673,7.12776,6.45552,4.73106,3.82905,4.39918,3.05578,2.79779,2.59964,7.64639
112,7.12776,7.64639,6.45552,4.73106,3.82905,4.39918,3.05578,2.79779,2.59964,5.54673,6.88287
113,6.45552,6.88287,4.73106,3.82905,4.39918,3.05578,2.79779,2.59964,5.54673,7.64639,6.47589
114,4.73106,6.47589,3.82905,4.39918,3.05578,2.79779,2.59964,5.54673,7.64639,6.88287,6.06216
115,3.82905,6.06216,4.39918,3.05578,2.79779,2.59964,5.54673,7.64639,6.88287,6.47589,5.74137
116,4.39918,5.74137,3.05578,2.79779,2.59964,5.54673,7.64639,6.88287,6.47589,6.06216,9.18041
117,3.05578,9.18041,2.79779,2.59964,5.54673,7.64639,6.88287,6.47589,6.06216,5.74137,9.98879
118,2.79779,9.98879,2.59964,5.54673,7.64639,6.88287,6.47589,6.06216,5.74137,9.18041,9.90115
119,2.59964,9.90115,5.54673,7.64639,6.88287,6.47589,6.06216,5.74137,9.18041,9.98879,10.1093
120,5.54673,10.1093,7.64639,6.88287,6.47589,6.06216,5.74137,9.18041,9.98879,9.90115,10.2419
121,7.64639,10.2419,6.88287,6.47589,6.06216,5.74137,9.18041,9.98879,9.90115,10.1093,10.0687
122,6.88287,10.0687,6.47589,6.06216,5.74137,9.18041,9.98879,9.90115,10.1093,10.2419,8.5375
123,6.47589,8.5375,6.06216,5.74137,9.18041,9.98879,9.90115,10.1093,10.2419,10.0687,6.37787
124,6.06216,6.37787,5.74137,9.18041,9.98879,9.90115,10.1093,10.2419,10.0687,8.5375,6.97356
125,5.74137,6.97356,9.18041,9.98879,9.90115,10.1093,10.2419,10.0687,8.5375,6.37787,6.54677
126,9.18041,6.54677,9.98879,9.90115,10.1093,10.2419,10.0687,8.5375,6.37787,6.97356,7.79582
127,9.98879,7.79582,9.90115,10.1093,10.2419,10.0687,8.5375,6.37787,6.97356,6.54677,7.47413
128,9.90115,7.47413,10.1093,10.2419,10.0687,8.5375,6.37787,6.97356,6.54677,7.79582,7.10107
129,10.1093,7.10107,10.2419,10.0687,8.5375,6.37787,6.97356,6.54677,7.79582,7.47413,6.90432
130,10.2419,6.90432,10.0687,8.5375,6.37787,6.97356,6.54677,7.79582,7.47413,7.10107,10.9674
131,10.0687,10.9674,8.5375,6.37787,6.97356,6.54677,7.79582,7.47413,7.10107,6.90432,9.94216
132,8.5375,9.94216,6.37787,6.97356,6.54677,7.79582,7.47413,7.10107,6.90432,10.9674,10.1407
133,6.37787,10.1407,6.97356,6.54677,7.79582,7.47413,7.10107,6.90432,10.9674,9.94216,7.17051
134,6.97356,7.17051,6.54677,7.79582,7.47413,7.10107,6.90432,10.9674,9.94216,10.1407,8.19737
135,6.54677,8.19737,7.79582,7.47413,7.10107,6.90432,10.9674,9.94216,10.1407,7.17051,6.32657
136,7.79582,6.32657,7.47413,7.10107,6.90432,10.9674,9.94216,10.1407,7.17051,8.19737,7.24825
137,7.47413,7.24825,7.10107,6.90432,10.9674,9.94216,10.1407,7.17051,8.19737,6.32657,7.78503
138,7.10107,7.78503,6.90432,10.9674,9.94216,10.1407,7.17051,8.19737,6.32657,7.24825,11.675
139,6.90432,11.675,10.9674,9.94216,10.1407,7.17051,8.19737,6.32657,7.24825,7.78503,9.59108
140,10.9674,9.59108,9.94216,10.1407,7.17051,8.19737,6.32657,7.24825,7.78503,11.675,7.39339
141,9.94216,7.39339,10.1407,7.17051,8.19737,6.32657,7.24825,7.78503,11.675,9.59108,8.06609
142,10.1407,8.06609,7.17051,8.19737,6.32657,7.24825,7.78503,11.675,9.59108,7.39339,10.1314
143,7.17051,10.1314,8.19737,6.32657,7.24825,7.78503,11.675,9.59108,7.39339,8.06609,5.67145
144,8.19737,5.67145,6.32657,7.24825,7.78503,11.675,9.59108,7.39339,8.06609,10.1314,4.98236
145,6.32657,4.98236,7.24825,7.78503,11.675,9.59108,7.39339,8.06609,10.1314,5.67145,10.6068
146,7.24825,10.6068,7.78503,11.675,9.59108,7.39339,8.06609,10.1314,5.67145,4.98236,9.19934
147,7.78503,9.19934,11.675,9.59108,7.39339,8.06609,10.1314,5.67145,4.98236,10.6068,9.64165
148,11.675,9.64165,9.59108,7.39339,8.06609,10.1314,5.67145,4.98236,10.6068,9.19934,9.41799
149,9.59108,9.41799,7.39339,8.06609,10.1314,5.67145,4.98236,10.6068,9.19934,9.64165,9.95995
150,7.39339,9.95995,8.06609,10.1314,5.67145,4.98236,10.6068,9.19934,9.64165,9.41799,10.0746
151,8.06609,10.0746,10.1314,5.67145,4.98236,10.6068,9.19934,9.64165,9.41799,9.95995,7.95664
152,10.1314,7.95664,5.67145,4.98236,10.6068,9.19934,9.64165,9.41799,9.95995,10.0746,6.77779
153,5.67145,6.77779,4.98236,10.6068,9.19934,9.64165,9.41799,9.95995,10.0746,7.95664,7.14194
154,4.98236,7.14194,10.6068,9.19934,9.64165,9.41799,9.95995,10.0746,7.95664,6.77779,5.91522
155,10.6068,5.91522,9.19934,9.64165,9.41799,9.95995,10.0746,7.95664,6.77779,7.14194,9.47598
156,9.19934,9.47598,9.64165,9.41799,9.95995,10.0746,7.95664,6.77779,7.14194,5.91522,9.78203
157,9.64165,9.78203,9.41799,9.95995,10.0746,7.95664,6.77779,7.14194,5.91522,9.47598,7.95331
158,9.41799,7.95331,9.95995,10.0746,7.95664,6.77779,7.14194,5.91522,9.47598,9.78203,8.94864
159,9.95995,8.94864,10.0746,7.95664,6.77779,7.14194,5.91522,9.47598,9.78203,7.95331,10.0807
160,10.0746,10.0807,7.95664,6.77779,7.14194,5.91522,9.47598,9.78203,7.95331,8.94864,10.9732
161,7.95664,10.9732,6.77779,7.14194,5.91522,9.47598,9.78203,7.95331,8.94864,10.0807,9.90439
162,6.77779,9.90439,7.14194,5.91522,9.47598,9.78203,7.95331,8.94864,10.0807,10.9732,9.18561
163,7.14194,9.18561,5.91522,9.47598,9.78203,7.95331,8.94864,10.0807,10.9732,9.90439,4.61462
164,5.91522,4.61462,9.47598,9.78203,7.95331,8.94864,10.0807,10.9732,9.90439,9.18561,6.85932
165,9.47598,6.85932,9.78203,7.95331,8.94864,10.0807,10.9732,9.90439,9.18561,4.61462,7.45757
166,9.78203,7.45757,7.95331,8.94864,10.0807,10.9732,9.90439,9.18561,4.61462,6.85932,8.2752
167,7.95331,8.2752,8.94864,10.0807,10.9732,9.90439,9.18561,4.61462,6.85932,7.45757,8.94109
168,8.94864,8.94109,10.0807,10.9732,9.90439,9.18561,4.61462,6.85932,7.45757,8.2752,7.42601
169,10.0807,7.42601,10.9732,9.90439,9.18561,4.61462,6.85932,7.45757,8.2752,8.94109,5.04852
170,10.9732,5.04852,9.90439,9.18561,4.61462,6.85932,7.45757,8.2752,8.94109,7.42601,4.3772
171,9.90439,4.3772,9.18561,4.61462,6.85932,7.45757,8.2752,8.94109,7.42601,5.04852,2.20176
172,9.18561,2.20176,4.61462,6.85932,7.45757,8.2752,8.94109,7.42601,5.04852,4.3772,2.0237
173,4.61462,2.0237,6.85932,7.45757,8.2752,8.94109,7.42601,5.04852,4.3772,2.20176,3.73382
174,6.85932,3.73382,7.45757,8.2752,8.94109,7.42601,5.04852,4.3772,2.20176,2.0237,4.94582
175,7.45757,4.94582,8.2752,8.94109,7.42601,5.04852,4.3772,2.20176,2.0237,3.73382,4.10475
176,8.2752,4.10475,8.94109,7.42601,5.04852,4.3772,2.20176,2.0237,3.73382,4.94582,2.53529
177,8.94109,2.53529,7.42601,5.04852,4.3772,2.20176,2.0237,3.73382,4.94582,4.10475,2.38604
178,7.42601,2.38604,5.04852,4.3772,2.20176,2.0237,3.73382,4.94582,4.10475,2.53529,2.84508
179,5.04852,2.84508,4.3772,2.20176,2.0237,3.73382,4.94582,4.10475,2.53529,2.38604,1.66705
180,4.3772,1.66705,2.20176,2.0237,3.73382,4.94582,4.10475,2.53529,2.38604,2.84508,2.62843
181,2.20176,2.62843,2.0237,3.73382,4.94582,4.10475,2.53529,2.38604,2.84508,1.66705,2.27838
182,2.0237,2.27838,3.73382,4.94582,4.10475,2.53529,2.38604,2.84508,1.66705,2.62843,2.59382
183,3.73382,2.59382,4.94582,4.10475,2.53529,2.38604,2.84508,1.66705,2.62843,2.27838,3.62908
184,4.94582,3.62908,4.10475,2.53529,2.38604,2.84508,1.66705,2.62843,2.27838,2.59382,0.93041
185,4.10475,0.93041,2.53529,2.38604,2.84508,1.66705,2.62843,2.27838,2.59382,3.62908,5.96713
186,2.53529,5.96713,2.38604,2.84508,1.66705,2.62843,2.27838,2.59382,3.62908,0.93041,4.05447
187,2.38604,4.05447,2.84508,1.66705,2.62843,2.27838,2.59382,3.62908,0.93041,5.96713,5.81993
188,2.84508,5.81993,1.66705,2.62843,2.27838,2.59382,3.62908,0.93041,5.96713,4.05447,7.77473
189,1.66705,7.77473,2.62843,2.27838,2.59382,3.62908,0.93041,5.96713,4.05447,5.81993,9.60051
190,2.62843,9.60051,2.27838,2.59382,3.62908,0.93041,5.96713,4.05447,5.81993,7.77473,6.74515
191,2.27838,6.74515,2.59382,3.62908,0.93041,5.96713,4.05447,5.81993,7.77473,9.60051,8.55074
192,2.59382,8.55074,3.62908,0.93041,5.96713,4.05447,5.81993,7.77473,9.60051,6.74515,10.0835
193,3.62908,10.0835,0.93041,5.96713,4.05447,5.81993,7.77473,9.60051,6.74515,8.55074,8.57632
194,0.93041,8.57632,5.96713,4.05447,5.81993,7.77473,9.60051,6.74515,8.55074,10.0835,7.34289
195,5.96713,7.34289,4.05447,5.81993,7.77473,9.60051,6.74515,8.55074,10.0835,8.57632,6.25388
196,4.05447,6.25388,5.81993,7.77473,9.60051,6.74515,8.55074,10.0835,8.57632,7.34289,7.36817
197,5.81993,7.36817,7.77473,9.60051,6.74515,8.55074,10.0835,8.57632,7.34289,6.25388,10.1568
198,7.77473,10.1568,9.60051,6.74515,8.55074,10.0835,8.57632,7.34289,6.25388,7.36817,12.6333
199,9.60051,12.6333,6.74515,8.55074,10.0835,8.57632,7.34289,6.25388,7.36817,10.1568,11.3889
200,6.74515,11.3889,8.55074,10.0835,8.57632,7.34289,6.25388,7.36817,10.1568,12.6333,7.69398
201,8.55074,7.69398,10.0835,8.57632,7.34289,6.25388,7.36817,10.1568,12.6333,11.3889,7.82433
202,10.0835,7.82433,8.57632,7.34289,6.25388,7.36817,10.1568,12.6333,11.3889,7.69398,12.6525
203,8.57632,12.6525,7.34289,6.25388,7.36817,10.1568,12.6333,11.3889,7.69398,7.82433,13.0431
204,7.34289,13.0431,6.25388,7.36817,10.1568,12.6333,11.3889,7.69398,7.82433,12.6525,13.2576
205,6.25388,13.2576,7.36817,10.1568,12.6333,11.3889,7.69398,7.82433,12.6525,13.0431,11.232
206,7.36817,11.232,10.1568,12.6333,11.3889,7.69398,7.82433,12.6525,13.0431,13.2576,11.4155
207,10.1568,11.4155,12.6333,11.3889,7.69398,7.82433,12.6525,13.0431,13.2576,11.232,11.9564
208,12.6333,11.9564,11.3889,7.69398,7.82433,12.6525,13.0431,13.2576,11.232,11.4155,9.48454
209,11.3889,9.48454,7.69398,7.82433,12.6525,13.0431,13.2576,11.232,11.4155,11.9564,5.97134
210,7.69398,5.97134,7.82433,12.6525,13.0431,13.2576,11.232,11.4155,11.9564,9.48454,7.07529
211,7.82433,7.07529,12.6525,13.0431,13.2576,11.232,11.4155,11.9564,9.48454,5.97134,8.20728
212,12.6525,8.20728,13.0431,13.2576,11.232,11.4155,11.9564,9.48454,5.97134,7.07529,10.1628
213,13.0431,10.1628,13.2576,11.232,11.4155,11.9564,9.48454,5.97134,7.07529,8.20728,11.0054
214,13.2576,11.0054,11.232,11.4155,11.9564,9.48454,5.97134,7.07529,8.20728,10.1628,12.4271
215,11.232,12.4271,11.4155,11.9564,9.48454,5.97134,7.07529,8.20728,10.1628,11.0054,13.1609
216,11.4155,13.1609,11.9564,9.48454,5.97134,7.07529,8.20728,10.1628,11.0054,12.4271,11.4894
217,11.9564,11.4894,9.48454,5.97134,7.07529,8.20728,10.1628,11.0054,12.4271,13.1609,11.1293
218,9.48454,11.1293,5.97134,7.07529,8.20728,10.1628,11.0054,12.4271,13.1609,11.4894,7.90292
219,5.97134,7.90292,7.07529,8.20728,10.1628,11.0054,12.4271,13.1609,11.4894,11.1293,10.2925
220,7.07529,10.2925,8.20728,10.1628,11.0054,12.4271,13.1609,11.4894,11.1293,7.90292,9.95084
221,8.20728,9.95084,10.1628,11.0054,12.4271,13.1609,11.4894,11.1293,7.90292,10.2925,7.33953
222,10.1628,7.33953,11.0054,12.4271,13.1609,11.4894,11.1293,7.90292,10.2925,9.95084,8.97314
223,11.0054,8.97314,12.4271,13.1609,11.4894,11.1293,7.90292,10.2925,9.95084,7.33953,7.3599
224,12.4271,7.3599,13.1609,11.4894,11.1293,7.90292,10.2925,9.95084,7.33953,8.97314,7.00011
225,13.1609,7.00011,11.4894,11.1293,7.90292,10.2925,9.95084,7.33953,8.97314,7.3599,8.35168
226,11.4894,8.35168,11.1293,7.90292,10.2925,9.95084,7.33953,8.97314,7.3599,7.00011,6.8086
227,11.1293,6.8086,7.90292,10.2925,9.95084,7.33953,8.97314,7.3599,7.00011,8.35168,7.16427
228,7.90292,7.16427,10.2925,9.95084,7.33953,8.97314,7.3599,7.00011,8.35168,6.8086,6.01436
229,10.2925,6.01436,9.95084,7.33953,8.97314,7.3599,7.00011,8.35168,6.8086,7.16427,5.75371
230,9.95084,5.75371,7.33953,8.97314,7.3599,7.00011,8.35168,6.8086,7.16427,6.01436,5.24481
231,7.33953,5.24481,8.97314,7.3599,7.00011,8.35168,6.8086,7.16427,6.01436,5.75371,6.14509
232,8.97314,6.14509,7.3599,7.00011,8.35168,6.8086,7.16427,6.01436,5.75371,5.24481,5.60546
233,7.3599,5.60546,7.00011,8.35168,6.8086,7.16427,6.01436,5.75371,5.24481,6.14509,8.58471
234,7.00011,8.58471,8.35168,6.8086,7.16427,6.01436,5.75371,5.24481,6.14509,5.60546,8.23928
235,8.35168,8.23928,6.8086,7.16427,6.01436,5.75371,5.24481,6.14509,5.60546,8.58471,7.96903
236,6.8086,7.96903,7.16427,6.01436,5.75371,5.24481,6.14509,5.60546,8.58471,8.23928,6.90357
237,7.16427,6.90357,6.01436,5.75371,5.24481,6.14509,5.60546,8.58471,8.23928,7.96903,8.10999
238,6.01436,8.10999,5.75371,5.24481,6.14509,5.60546,8.58471,8.23928,7.96903,6.90357,9.70696
239,5.75371,9.70696,5.24481,6.14509,5.60546,8.58471,8.23928,7.96903,6.90357,8.10999,7.86099
240,5.24481,7.86099,6.14509,5.60546,8.58471,8.23928,7.96903,6.90357,8.10999,9.70696,7.1846
241,6.14509,7.1846,5.60546,8.58471,8.23928,7.96903,6.90357,8.10999,9.70696,7.86099,7.75558
242,5.60546,7.75558,8.58471,8.23928,7.96903,6.90357,8.10999,9.70696,7.86099,7.1846,9.77797
243,8.58471,9.77797,8.23928,7.96903,6.90357,8.10999,9.70696,7.86099,7.1846,7.75558,8.57841
244,8.23928,8.57841,7.96903,6.90357,8.10999,9.70696,7.86099,7.1846,7.75558,9.77797,9.46189
245,7.96903,9.46189,6.90357,8.10999,9.70696,7.86099,7.1846,7.75558,9.77797,8.57841,10.2512
246,6.90357,10.2512,8.10999,9.70696,7.86099,7.1846,7.75558,9.77797,8.57841,9.46189,4.65119
247,8.10999,4.65119,9.70696,7.86099,7.1846,7.75558,9.77797,8.57841,9.46189,10.2512,5.43983
248,9.70696,5.43983,7.86099,7.1846,7.75558,9.77797,8.57841,9.46189,10.2512,4.65119,7.54164
249,7.86099,7.54164,7.1846,7.75558,9.77797,8.57841,9.46189,10.2512,4.65119,5.43983,4.70371
250,7.1846,4.70371,7.75558,9.77797,8.57841,9.46189,10.2512,4.65119,5.43983,7.54164,7.22025
251,7.75558,7.22025,9.77797,8.57841,9.46189,10.2512,4.65119,5.43983,7.54164,4.70371,7.70037
252,9.77797,7.70037,8.57841,9.46189,10.2512,4.65119,5.43983,7.54164,4.70371,7.22025,7.76181
253,8.57841,7.76181,9.46189,10.2512,4.65119,5.43983,7.54164,4.70371,7.22025,7.70037,4.14787
254,9.46189,4.14787,10.2512,4.65119,5.43983,7.54164,4.70371,7.22025,7.70037,7.76181,4.17139
255,10.2512,4.17139,4.65119,5.43983,7.54164,4.70371,7.22025,7.70037,7.76181,4.14787,5.88509
256,4.65119,5.88509,5.43983,7.54164,4.70371,7.22025,7.70037,7.76181,4.14787,4.17139,4.90538
257,5.43983,4.90538,7.54164,4.70371,7.22025,7.70037,7.76181,4.14787,4.17139,5.88509,4.91083
258,7.54164,4.91083,4.70371,7.22025,7.70037,7.76181,4.14787,4.17139,5.88509,4.90538,8.08997
259,4.70371,8.08997,7.22025,7.70037,7.76181,4.14787,4.17139,5.88509,4.90538,4.91083,4.43056
260,7.22025,4.43056,7.70037,7.76181,4.14787,4.17139,5.88509,4.90538,4.91083,8.08997,4.94007
261,7.70037,4.94007,7.76181,4.14787,4.17139,5.88509,4.90538,4.91083,8.08997,4.43056,3.7096
262,7.76181,3.7096,4.14787,4.17139,5.88509,4.90538,4.91083,8.08997,4.43056,4.94007,5.3679
263,4.14787,5.3679,4.17139,5.88509,4.90538,4.91083,8.08997,4.43056,4.94007,3.7096,6.59083
264,4.17139,6.59083,5.88509,4.90538,4.91083,8.08997,4.43056,4.94007,3.7096,5.3679,6.85426
265,5.88509,6.85426,4.90538,4.91083,8.08997,4.43056,4.94007,3.7096,5.3679,6.59083,4.60636
266,4.90538,4.60636,4.91083,8.08997,4.43056,4.94007,3.7096,5.3679,6.59083,6.85426,8.05764
267,4.91083,8.05764,8.08997,4.43056,4.94007,3.7096,5.3679,6.59083,6.85426,4.60636,6.66073
268,8.08997,6.66073,4.43056,4.94007,3.7096,5.3679,6.59083,6.85426,4.60636,8.05764,7.06459
269,4.43056,7.06459,4.94007,3.7096,5.3679,6.59083,6.85426,4.60636,8.05764,6.66073,8.70829
270,4.94007,8.70829,3.7096,5.3679,6.59083,6.85426,4.60636,8.05764,6.66073,7.06459,6.92457
271,3.7096,6.92457,5.3679,6.59083,6.85426,4.60636,8.05764,6.66073,7.06459,8.70829,8.75536
272,5.3679,8.75536,6.59083,6.85426,4.60636,8.05764,6.66073,7.06459,8.70829,6.92457,6.20072
273,6.59083,6.20072,6.85426,4.60636,8.05764,6.66073,7.06459,8.70829,6.92457,8.75536,7.32821
274,6.85426,7.32821,4.60636,8.05764,6.66073,7.06459,8.70829,6.92457,8.75536,6.20072,7.11598
275,4.60636,7.11598,8.05764,6.66073,7.06459,8.70829,6.92457,8.75536,6.20072,7.32821,6.72383
276,8.05764,6.72383,6.66073,7.06459,8.70829,6.92457,8.75536,6.20072,7.32821,7.11598,6.9421
277,6.66073,6.9421,7.06459,8.70829,6.92457,8.75536,6.20072,7.32821,7.11598,6.72383,6.52051
278,7.06459,6.52051,8.70829,6.92457,8.75536,6.20072,7.32821,7.11598,6.72383,6.9421,4.88114
279,8.70829,4.88114,6.92457,8.75536,6.20072,7.32821,7.11598,6.72383,6.9421,6.52051,4.79561
280,6.92457,4.79561,8.75536,6.20072,7.32821,7.11598,6.72383,6.9421,6.52051,4.88114,4.49029
281,8.75536,4.49029,6.20072,7.32821,7.11598,6.72383,6.9421,6.52051,4.88114,4.79561,3.9018
282,6.20072,3.9018,7.32821,7.11598,6.72383,6.9421,6.52051,4.88114,4.79561,4.49029,4.98874
283,7.32821,4.98874,7.11598,6.72383,6.9421,6.52051,4.88114,4.79561,4.49029,3.9018,4.87808
284,7.11598,4.87808,6.72383,6.9421,6.52051,4.88114,4.79561,4.49029,3.9018,4.98874,6.86047
285,6.72383,6.86047,6.9421,6.52051,4.88114,4.79561,4.49029,3.9018,4.98874,4.87808,3.25603
286,6.9421,3.25603,6.52051,4.88114,4.79561,4.49029,3.9018,4.98874,4.87808,6.86047,4.02509
287,6.52051,4.02509,4.88114,4.79561,4.49029,3.9018,4.98874,4.87808,6.86047,3.25603,2.84195
288,4.88114,2.84195,4.79561,4.49029,3.9018,4.98874,4.87808,6.86047,3.25603,4.02509,2.62594
289,4.79561,2.62594,4.49029,3.9018,4.98874,4.87808,6.86047,3.25603,4.02509,2.84195,3.42677
290,4.49029,3.42677,3.9018,4.98874,4.87808,6.86047,3.25603,4.02509,2.84195,2.62594,3.04539
291,3.9018,3.04539,4.98874,4.87808,6.86047,3.25603,4.02509,2.84195,2.62594,3.42677,3.74668
292,4.98874,3.74668,4.87808,6.86047,3.25603,4.02509,2.84195,2.62594,3.42677,3.04539,4.18607
293,4.87808,4.18607,6.86047,3.25603,4.02509,2.84195,2.62594,3.42677,3.04539,3.74668,5.33098
294,6.86047,5.33098,3.25603,4.02509,2.84195,2.62594,3.42677,3.04539,3.74668,4.18607,6.72823
295,3.25603,6.72823,4.02509,2.84195,2.62594,3.42677,3.04539,3.74668,4.18607,5.33098,5.50728
296,4.02509,5.50728,2.84195,2.62594,3.42677,3.04539,3.74668,4.18607,5.33098,6.72823,4.49622
297,2.84195,4.49622,2.62594,3.42677,3.04539,3.74668,4.18607,5.33098,6.72823,5.50728,4.85213
298,2.62594,4.85213,3.42677,3.04539,3.74668,4.18607,5.33098,6.72823,5.50728,4.49622,4.07849
299,3.42677,4.07849,3.04539,3.74668,4.18607,5.33098,6.72823,5.50728,4.49622,4.85213,6.28078
300,3.04539,6.28078,3.74668,4.18607,5.33098,6.72823,5.50728,4.49622,4.85213,4.07849,7.64623
301,3.74668,7.64623,4.18607,5.33098,6.72823,5.50728,4.49622,4.85213,4.07849,6.28078,7.31557
302,4.18607,7.31557,5.33098,6.72823,5.50728,4.49622,4.85213,4.07849,6.28078,7.64623,8.46645
303,5.33098,8.46645,6.72823,5.50728,4.49622,4.85213,4.07849,6.28078,7.64623,7.31557,7.85785
304,6.72823,7.85785,5.50728,4.49622,4.85213,4.07849,6.28078,7.64623,7.31557,8.46645,5.13354
305,5.50728,5.13354,4.49622,4.85213,4.07849,6.28078,7.64623,7.31557,8.46645,7.85785,4.42485
306,4.49622,4.42485,4.85213,4.07849,6.28078,7.64623,7.31557,8.46645,7.85785,5.13354,5.9923
307,4.85213,5.9923,4.07849,6.28078,7.64623,7.31557,8.46645,7.85785,5.13354,4.42485,3.79657
308,4.07849,3.79657,6.28078,7.64623,7.31557,8.46645,7.85785,5.13354,4.42485,5.9923,5.79837
309,6.28078,5.79837,7.64623,7.31557,8.46645,7.85785,5.13354,4.42485,5.9923,3.79657,6.93594
310,7.64623,6.93594,7.31557,8.46645,7.85785,5.13354,4.42485,5.9923,3.79657,5.79837,3.54743
311,7.31557,3.54743,8.46645,7.85785,5.13354,4.42485,5.9923,3.79657,5.79837,6.93594,5.42676
312,8.46645,5.42676,7.85785,5.13354,4.42485,5.9923,3.79657,5.79837,6.93594,3.54743,6.62437
313,7.85785,6.62437,5.13354,4.42485,5.9923,3.79657,5.79837,6.93594,3.54743,5.42676,9.67444
314,5.13354,9.67444,4.42485,5.9923,3.79657,5.79837,6.93594,3.54743,5.42676,6.62437,9.56558
315,4.42485,9.56558,5.9923,3.79657,5.79837,6.93594,3.54743,5.42676,6.62437,9.67444,9.66295
316,5.9923,9.66295,3.79657,5.79837,6.93594,3.54743,5.42676,6.62437,9.67444,9.56558,9.10466
317,3.79657,9.10466,5.79837,6.93594,3.54743,5.42676,6.62437,9.67444,9.56558,9.66295,7.1167
318,5.79837,7.1167,6.93594,3.54743,5.42676,6.62437,9.67444,9.56558,9.66295,9.10466,8.51835
319,6.93594,8.51835,3.54743,5.42676,6.62437,9.67444,9.56558,9.66295,9.10466,7.1167,8.85484
320,3.54743,8.85484,5.42676,6.62437,9.67444,9.56558,9.66295,9.10466,7.1167,8.51835,5.05406
321,5.42676,5.05406,6.62437,9.67444,9.56558,9.66295,9.10466,7.1167,8.51835,8.85484,7.1344
322,6.62437,7.1344,9.67444,9.56558,9.66295,9.10466,7.1167,8.51835,8.85484,5.05406,6.22017
323,9.67444,6.22017,9.56558,9.66295,9.10466,7.1167,8.51835,8.85484,5.05406,7.1344,6.87562
324,9.56558,6.87562,9.66295,9.10466,7.1167,8.51835,8.85484,5.05406,7.1344,6.22017,5.53145
325,9.66295,5.53145,9.10466,7.1167,8.51835,8.85484,5.05406,7.1344,6.22017,6.87562,5.88652
326,9.10466,5.88652,7.1167,8.51835,8.85484,5.05406,7.1344,6.22017,6.87562,5.53145,8.07655
327,7.1167,8.07655,8.51835,8.85484,5.05406,7.1344,6.22017,6.87562,5.53145,5.88652,8.50095
328,8.51835,8.50095,8.85484,5.05406,7.1344,6.22017,6.87562,5.53145,5.88652,8.07655,8.34242
329,8.85484,8.34242,5.05406,7.1344,6.22017,6.87562,5.53145,5.88652,8.07655,8.50095,8.79266
330,5.05406,8.79266,7.1344,6.22017,6.87562,5.53145,5.88652,8.07655,8.50095,8.34242,6.989
331,7.1344,6.989,6.22017,6.87562,5.53145,5.88652,8.07655,8.50095,8.34242,8.79266,7.54871
332,6.22017,7.54871,6.87562,5.53145,5.88652,8.07655,8.50095,8.34242,8.79266,6.989,6.63792
333,6.87562,6.63792,5.53145,5.88652,8.07655,8.50095,8.34242,8.79266,6.989,7.54871,6.76095
334,5.53145,6.76095,5.88652,8.07655,8.50095,8.34242,8.79266,6.989,7.54871,6.63792,5.59961
335,5.88652,5.59961,8.07655,8.50095,8.34242,8.79266,6.989,7.54871,6.63792,6.76095,5.81008
336,8.07655,5.81008,8.50095,8.34242,8.79266,6.989,7.54871,6.63792,6.76095,5.59961,7.18123
337,8.50095,7.18123,8.34242,8.79266,6.989,7.54871,6.63792,6.76095,5.59961,5.81008,8.05504
338,8.34242,8.05504,8.79266,6.989,7.54871,6.63792,6.76095,5.59961,5.81008,7.18123,7.27344
339,8.79266,7.27344,6.989,7.54871,6.63792,6.76095,5.59961,5.81008,7.18123,8.05504,6.71517
340,6.989,6.71517,7.54871,6.63792,6.76095,5.59961,5.81008,7.18123,8.05504,7.27344,7.15744
341,7.54871,7.15744,6.63792,6.76095,5.59961,5.81008,7.18123,8.05504,7.27344,6.71517,9.06554
342,6.63792,9.06554,6.76095,5.59961,5.81008,7.18123,8.05504,7.27344,6.71517,7.15744,8.90146
343,6.76095,8.90146,5.59961,5.81008,7.18123,8.05504,7.27344,6.71517,7.15744,9.06554,6.68096
344,5.59961,6.68096,5.81008,7.18123,8.05504,7.27344,6.71517,7.15744,9.06554,8.90146,6.62732
345,5.81008,6.62732,7.18123,8.05504,7.27344,6.71517,7.15744,9.06554,8.90146,6.68096,5.09071
346,7.18123,5.09071,8.05504,7.27344,6.71517,7.15744,9.06554,8.90146,6.68096,6.62732,6.6237
347,8.05504,6.6237,7.27344,6.71517,7.15744,9.06554,8.90146,6.68096,6.62732,5.09071,9.26903
348,7.27344,9.26903,6.71517,7.15744,9.06554,8.90146,6.68096,6.62732,5.09071,6.6237,7.89759
349,6.71517,7.89759,7.15744,9.06554,8.90146,6.68096,6.62732,5.09071,6.6237,9.26903,8.31432
350,7.15744,8.31432,9.06554,8.90146,6.68096,6.62732,5.09071,6.6237,9.26903,7.89759,8.45464
351,9.06554,8.45464,8.90146,6.68096,6.62732,5.09071,6.6237,9.26903,7.89759,8.31432,11.5606
352,8.90146,11.5606,6.68096,6.62732,5.09071,6.6237,9.26903,7.89759,8.31432,8.45464,10.637
353,6.68096,10.637,6.62732,5.09071,6.6237,9.26903,7.89759,8.31432,8.45464,11.5606,10.5727
354,6.62732,10.5727,5.09071,6.6237,9.26903,7.89759,8.31432,8.45464,11.5606,10.637,12.0588
355,5.09071,12.0588,6.6237,9.26903,7.89759,8.31432,8.45464,11.5606,10.637,10.5727,8.97906
356,6.6237,8.97906,9.26903,7.89759,8.31432,8.45464,11.5606,10.637,10.5727,12.0588,10.7245
357,9.26903,10.7245,7.89759,8.31432,8.45464,11.5606,10.637,10.5727,12.0588,8.97906,5.99099
358,7.89759,5.99099,8.31432,8.45464,11.5606,10.637,10.5727,12.0588,8.97906,10.7245,5.85921
359,8.31432,5.85921,8.45464,11.5606,10.637,10.5727,12.0588,8.97906,10.7245,5.99099,3.32963
360,8.45464,3.32963,11.5606,10.637,10.5727,12.0588,8.97906,10.7245,5.99099,5.85921,1.6822
361,11.5606,1.6822,10.637,10.5727,12.0588,8.97906,10.7245,5.99099,5.85921,3.32963,2.14497
362,10.637,2.14497,10.5727,12.0588,8.97906,10.7245,5.99099,5.85921,3.32963,1.6822,5.13124
363,10.5727,5.13124,12.0588,8.97906,10.7245,5.99099,5.85921,3.32963,1.6822,2.14497,5.2208
364,12.0588,5.2208,8.97906,10.7245,5.99099,5.85921,3.32963,1.6822,2.14497,5.13124,5.97097
365,8.97906,5.97097,10.7245,5.99099,5.85921,3.32963,1.6822,2.14497,5.13124,5.2208,7.5011
366,10.7245,7.5011,5.99099,5.85921,3.32963,1.6822,2.14497,5.13124,5.2208,5.97097,6.59106
367,5.99099,6.59106,5.85921,3.32963,1.6822,2.14497,5.13124,5.2208,5.97097,7.5011,3.7841
368,5.85921,3.7841,3.32963,1.6822,2.14497,5.13124,5.2208,5.97097,7.5011,6.59106,4.39054
369,3.32963,4.39054,1.6822,2.14497,5.13124,5.2208,5.97097,7.5011,6.59106,3.7841,4.5111
370,1.6822,4.5111,2.14497,5.13124,5.2208,5.97097,7.5011,6.59106,3.7841,4.39054,3.71766
371,2.14497,3.71766,5.13124,5.2208,5.97097,7.5011,6.59106,3.7841,4.39054,4.5111,4.12023
372,5.13124,4.12023,5.2208,5.97097,7.5011,6.59106,3.7841,4.39054,4.5111,3.71766,4.38752
373,5.2208,4.38752,5.97097,7.5011,6.59106,3.7841,4.39054,4.5111,3.71766,4.12023,5.31644
374,5.97097,5.31644,7.5011,6.59106,3.7841,4.39054,4.5111,3.71766,4.12023,4.38752,5.09655
375,7.5011,5.09655,6.59106,3.7841,4.39054,4.5111,3.71766,4.12023,4.38752,5.31644,6.48986
376,6.59106,6.48986,3.7841,4.39054,4.5111,3.71766,4.12023,4.38752,5.31644,5.09655,7.0532
377,3.7841,7.0532,4.39054,4.5111,3.71766,4.12023,4.38752,5.31644,5.09655,6.48986,6.89449
378,4.39054,6.89449,4.5111,3.71766,4.12023,4.38752,5.31644,5.09655,6.48986,7.0532,7.12616
379,4.5111,7.12616,3.71766,4.12023,4.38752,5.31644,5.09655,6.48986,7.0532,6.89449,5.80929
380,3.71766,5.80929,4.12023,4.38752,5.31644,5.09655,6.48986,7.0532,6.89449,7.12616,5.50944
381,4.12023,5.50944,4.38752,5.31644,5.09655,6.48986,7.0532,6.89449,7.12616,5.80929,5.44327
382,4.38752,5.44327,5.31644,5.09655,6.48986,7.0532,6.89449,7.12616,5.80929,5.50944,4.89108
383,5.31644,4.89108,5.09655,6.48986,7.0532,6.89449,7.12616,5.80929,5.50944,5.44327,5.00907
384,5.09655,5.00907,6.48986,7.0532,6.89449,7.12616,5.80929,5.50944,5.44327,4.89108,5.07646
385,6.48986,5.07646,7.0532,6.89449,7.12616,5.80929,5.50944,5.44327,4.89108,5.00907,4.81198
386,7.0532,4.81198,6.89449,7.12616,5.80929,5.50944,5.44327,4.89108,5.00907,5.07646,4.35401
387,6.89449,4.35401,7.12616,5.80929,5.50944,5.44327,4.89108,5.00907,5.07646,4.81198,5.96943
388,7.12616,5.96943,5.80929,5.50944,5.44327,4.89108,5.00907,5.07646,4.81198,4.35401,6.8169
389,5.80929,6.8169,5.50944,5.44327,4.89108,5.00907,5.07646,4.81198,4.35401,5.96943,7.72414
390,5.50944,7.72414,5.44327,4.89108,5.00907,5.07646,4.81198,4.35401,5.96943,6.8169,9.70141
391,5.44327,9.70141,4.89108,5.00907,5.07646,4.81198,4.35401,5.96943,6.8169,7.72414,8.82091
392,4.89108,8.82091,5.00907,5.07646,4.81198,4.35401,5.96943,6.8169,7.72414,9.70141,7.59839
393,5.00907,7.59839,5.07646,4.81198,4.35401,5.96943,6.8169,7.72414,9.70141,8.82091,8.37591
394,5.07646,8.37591,4.81198,4.35401,5.96943,6.8169,7.72414,9.70141,8.82091,7.59839,10.9852
395,4.81198,10.9852,4.35401,5.96943,6.8169,7.72414,9.70141,8.82091,7.59839,8.37591,9.93692
396,4.35401,9.93692,5.96943,6.8169,7.72414,9.70141,8.82091,7.59839,8.37591,10.9852,8.22316
397,5.96943,8.22316,6.8169,7.72414,9.70141,8.82091,7.59839,8.37591,10.9852,9.93692,7.98892
398,6.8169,7.98892,7.72414,9.70141,8.82091,7.59839,8.37591,10.9852,9.93692,8.22316,9.61449
399,7.72414,9.61449,9.70141,8.82091,7.59839,8.37591,10.9852,9.93692,8.22316,7.98892,9.2625
400,9.70141,9.2625,8.82091,7.59839,8.37591,10.9852,9.93692,8.22316,7.98892,9.61449,9.1467
401,8.82091,9.1467,7.59839,8.37591,10.9852,9.93692,8.22316,7.98892,9.61449,9.2625,6.91798
402,7.59839,6.91798,8.37591,10.9852,9.93692,8.22316,7.98892,9.61449,9.2625,9.1467,6.83534
403,8.37591,6.83534,10.9852,9.93692,8.22316,7.98892,9.61449,9.2625,9.1467,6.91798,4.90034
404,10.9852,4.90034,9.93692,8.22316,7.98892,9.61449,9.2625,9.1467,6.91798,6.83534,9.4533
405,9.93692,9.4533,8.22316,7.98892,9.61449,9.2625,9.1467,6.91798,6.83534,4.90034,6.1204
406,8.22316,6.1204,7.98892,9.61449,9.2625,9.1467,6.91798,6.83534,4.90034,9.4533,6.7386
407,7.98892,6.7386,9.61449,9.2625,9.1467,6.91798,6.83534,4.90034,9.4533,6.1204,5.89804
408,9.61449,5.89804,9.2625,9.1467,6.91798,6.83534,4.90034,9.4533,6.1204,6.7386,3.86668
409,9.2625,3.86668,9.1467,6.91798,6.83534,4.90034,9.4533,6.1204,6.7386,5.89804,5.6398
410,9.1467,5.6398,6.91798,6.83534,4.90034,9.4533,6.1204,6.7386,5.89804,3.86668,6.28459
411,6.91798,6.28459,6.83534,4.90034,9.4533,6.1204,6.7386,5.89804,3.86668,5.6398,6.10274
412,6.83534,6.10274,4.90034,9.4533,6.1204,6.7386,5.89804,3.86668,5.6398,6.28459,7.38005
413,4.90034,7.38005,9.4533,6.1204,6.7386,5.89804,3.86668,5.6398,6.28459,6.10274,8.5215
414,9.4533,8.5215,6.1204,6.7386,5.89804,3.86668,5.6398,6.28459,6.10274,7.38005,6.04725
415,6.1204,6.04725,6.7386,5.89804,3.86668,5.6398,6.28459,6.10274,7.38005,8.5215,5.76552
416,6.7386,5.76552,5.89804,3.86668,5.6398,6.28459,6.10274,7.38005,8.5215,6.04725,4.79717
417,5.89804,4.79717,3.86668,5.6398,6.28459,6.10274,7.38005,8.5215,6.04725,5.76552,6.68416
418,3.86668,6.68416,5.6398,6.28459,6.10274,7.38005,8.5215,6.04725,5.76552,4.79717,8.9232
419,5.6398,8.9232,6.28459,6.10274,7.38005,8.5215,6.04725,5.76552,4.79717,6.68416,6.58273
420,6.28459,6.58273,6.10274,7.38005,8.5215,6.04725,5.76552,4.79717,6.68416,8.9232,8.09086
421,6.10274,8.09086,7.38005,8.5215,6.04725,5.76552,4.79717,6.68416,8.9232,6.58273,8.39136
422,7.38005,8.39136,8.5215,6.04725,5.76552,4.79717,6.68416,8.9232,6.58273,8.09086,10.2885
423,8.5215,10.2885,6.04725,5.76552,4.79717,6.68416,8.9232,6.58273,8.09086,8.39136,10.2002
424,6.04725,10.2002,5.76552,4.79717,6.68416,8.9232,6.58273,8.09086,8.39136,10.2885,7.77811
425,5.76552,7.77811,4.79717,6.68416,8.9232,6.58273,8.09086,8.39136,10.2885,10.2002,7.20554
426,4.79717,7.20554,6.68416,8.9232,6.58273,8.09086,8.39136,10.2885,10.2002,7.77811,8.0289
427,6.68416,8.0289,8.9232,6.58273,8.09086,8.39136,10.2885,10.2002,7.77811,7.20554,6.25151
428,8.9232,6.25151,6.58273,8.09086,8.39136,10.2885,10.2002,7.77811,7.20554,8.0289,6.67528
429,6.58273,6.67528,8.09086,8.39136,10.2885,10.2002,7.77811,7.20554,8.0289,6.25151,5.81445
430,8.09086,5.81445,8.39136,10.2885,10.2002,7.77811,7.20554,8.0289,6.25151,6.67528,8.2424
431,8.39136,8.2424,10.2885,10.2002,7.77811,7.20554,8.0289,6.25151,6.67528,5.81445,5.57551
432,10.2885,5.57551,10.2002,7.77811,7.20554,8.0289,6.25151,6.67528,5.81445,8.2424,5.08195
433,10.2002,5.08195,7.77811,7.20554,8.0289,6.25151,6.67528,5.81445,8.2424,5.57551,5.6953
434,7.77811,5.6953,7.20554,8.0289,6.25151,6.67528,5.81445,8.2424,5.57551,5.08195,8.32607
435,7.20554,8.32607,8.0289,6.25151,6.67528,5.81445,8.2424,5.57551,5.08195,5.6953,8.80549
436,8.0289,8.80549,6.25151,6.67528,5.81445,8.2424,5.57551,5.08195,5.6953,8.32607,10.0023
437,6.25151,10.0023,6.67528,5.81445,8.2424,5.57551,5.08195,5.6953,8.32607,8.80549,9.23469
438,6.67528,9.23469,5.81445,8.2424,5.57551,5.08195,5.6953,8.32607,8.80549,10.0023,11.0425
439,5.81445,11.0425,8.2424,5.57551,5.08195,5.6953,8.32607,8.80549,10.0023,9.23469,13.835
440,8.2424,13.835,5.57551,5.08195,5.6953,8.32607,8.80549,10.0023,9.23469,11.0425,12.5104
441,5.57551,12.5104,5.08195,5.6953,8.32607,8.80549,10.0023,9.23469,11.0425,13.835,10.9581
442,5.08195,10.9581,5.6953,8.32607,8.80549,10.0023,9.23469,11.0425,13.835,12.5104,10.4497
443,5.6953,10.4497,8.32607,8.80549,10.0023,9.23469,11.0425,13.835,12.5104,10.9581,9.76915
444,8.32607,9.76915,8.80549,10.0023,9.23469,11.0425,13.835,12.5104,10.9581,10.4497,15.7522
445,8.80549,15.7522,10.0023,9.23469,11.0425,13.835,12.5104,10.9581,10.4497,9.76915,10.732
446,10.0023,10.732,9.23469,11.0425,13.835,12.5104,10.9581,10.4497,9.76915,15.7522,10.0649
447,9.23469,10.0649,11.0425,13.835,12.5104,10.9581,10.4497,9.76915,15.7522,10.732,9.64786
448,11.0425,9.64786,13.835,12.5104,10.9581,10.4497,9.76915,15.7522,10.732,10.0649,10.0974
449,13.835,10.0974,12.5104,10.9581,10.4497,9.76915,15.7522,10.732,10.0649,9.64786,11.1991
450,12.5104,11.1991,10.9581,10.4497,9.76915,15.7522,10.732,10.0649,9.64786,10.0974,5.73869
451,10.9581,5.73869,10.4497,9.76915,15.7522,10.732,10.0649,9.64786,10.0974,11.1991,5.32595
452,10.4497,5.32595,9.76915,15.7522,10.732,10.0649,9.64786,10.0974,11.1991,5.73869,9.82017
453,9.76915,9.82017,15.7522,10.732,10.0649,9.64786,10.0974,11.1991,5.73869,5.32595,6.00977
454,15.7522,6.00977,10.732,10.0649,9.64786,10.0974,11.1991,5.73869,5.32595,9.82017,10.0656
455,10.732,10.0656,10.0649,9.64786,10.0974,11.1991,5.73869,5.32595,9.82017,6.00977,7.90888
456,10.0649,7.90888,9.64786,10.0974,11.1991,5.73869,5.32595,9.82017,6.00977,10.0656,7.33593
457,9.64786,7.33593,10.0974,11.1991,5.73869,5.32595,9.82017,6.00977,10.0656,7.90888,8.19424
458,10.0974,8.19424,11.1991,5.73869,5.32595,9.82017,6.00977,10.0656,7.90888,7.33593,8.12778
459,11.1991,8.12778,5.73869,5.32595,9.82017,6.00977,10.0656,7.90888,7.33593,8.19424,6.61584
460,5.73869,6.61584,5.32595,9.82017,6.00977,10.0656,7.90888,7.33593,8.19424,8.12778,6.99303
461,5.32595,6.99303,9.82017,6.00977,10.0656,7.90888,7.33593,8.19424,8.12778,6.61584,4.62678
462,9.82017,4.62678,6.00977,10.0656,7.90888,7.33593,8.19424,8.12778,6.61584,6.99303,6.18296
463,6.00977,6.18296,10.0656,7.90888,7.33593,8.19424,8.12778,6.61584,6.99303,4.62678,6.58163
464,10.0656,6.58163,7.90888,7.33593,8.19424,8.12778,6.61584,6.99303,4.62678,6.18296,9.32745
465,7.90888,9.32745,7.33593,8.19424,8.12778,6.61584,6.99303,4.62678,6.18296,6.58163,8.92377
466,7.33593,8.92377,8.19424,8.12778,6.61584,6.99303,4.62678,6.18296,6.58163,9.32745,7.92146
467,8.19424,7.92146,8.12778,6.61584,6.99303,4.62678,6.18296,6.58163,9.32745,8.92377,5.58498
468,8.12778,5.58498,6.61584,6.99303,4.62678,6.18296,6.58163,9.32745,8.92377,7.92146,6.85443
469,6.61584,6.85443,6.99303,4.62678,6.18296,6.58163,9.32745,8.92377,7.92146,5.58498,5.33321
470,6.99303,5.33321,4.62678,6.18296,6.58163,9.32745,8.92377,7.92146,5.58498,6.85443,4.27203
471,4.62678,4.27203,6.18296,6.58163,9.32745,8.92377,7.92146,5.58498,6.85443,5.33321,6.95599
472,6.18296,6.95599,6.58163,9.32745,8.92377,7.92146,5.58498,6.85443,5.33321,4.27203,8.16785
473,6.58163,8.16785,9.32745,8.92377,7.92146,5.58498,6.85443,5.33321,4.27203,6.95599,8.92287
474,9.32745,8.92287,8.92377,7.92146,5.58498,6.85443,5.33321,4.27203,6.95599,8.16785,7.9961
475,8.92377,7.9961,7.92146,5.58498,6.85443,5.33321,4.27203,6.95599,8.16785,8.92287,7.6296
476,7.92146,7.6296,5.58498,6.85443,5.33321,4.27203,6.95599,8.16785,8.92287,7.9961,5.84622
477,5.58498,5.84622,6.85443,5.33321,4.27203,6.95599,8.16785,8.92287,7.9961,7.6296,5.81925
478,6.85443,5.81925,5.33321,4.27203,6.95599,8.16785,8.92287,7.9961,7.6296,5.84622,4.30558
479,5.33321,4.30558,4.27203,6.95599,8.16785,8.92287,7.9961,7.6296,5.84622,5.81925,6.46312
480,4.27203,6.46312,6.95599,8.16785,8.92287,7.9961,7.6296,5.84622,5.81925,4.30558,5.18228
481,6.95599,5.18228,8.16785,8.92287,7.9961,7.6296,5.84622,5.81925,4.30558,6.46312,6.973
482,8.16785,6.973,8.92287,7.9961,7.6296,5.84622,5.81925,4.30558,6.46312,5.18228,7.82968
483,8.92287,7.82968,7.9961,7.6296,5.84622,5.81925,4.30558,6.46312,5.18228,6.973,8.59727
484,7.9961,8.59727,7.6296,5.84622,5.81925,4.30558,6.46312,5.18228,6.973,7.82968,9.81305
485,7.6296,9.81305,5.84622,5.81925,4.30558,6.46312,5.18228,6.973,7.82968,8.59727,7.60654
486,5.84622,7.60654,5.81925,4.30558,6.46312,5.18228,6.973,7.82968,8.59727,9.81305,7.41032
487,5.81925,7.41032,4.30558,6.46312,5.18228,6.973,7.82968,8.59727,9.81305,7.60654,8.18255
488,4.30558,8.18255,6.46312,5.18228,6.973,7.82968,8.59727,9.81305,7.60654,7.41032,8.48054
489,6.46312,8.48054,5.18228,6.973,7.82968,8.59727,9.81305,7.60654,7.41032,8.18255,8.14512
490,5.18228,8.14512,6.973,7.82968,8.59727,9.81305,7.60654,7.41032,8.18255,8.48054,8.86733
491,6.973,8.86733,7.82968,8.59727,9.81305,7.60654,7.41032,8.18255,8.48054,8.14512,9.79965
492,7.82968,9.79965,8.59727,9.81305,7.60654,7.41032,8.18255,8.48054,8.14512,8.86733,8.14581
493,8.59727,8.14581,9.81305,7.60654,7.41032,8.18255,8.48054,8.14512,8.86733,9.79965,4.81226
494,9.81305,4.81226,7.60654,7.41032,8.18255,8.48054,8.14512,8.86733,9.79965,8.14581,5.78976
495,7.60654,5.78976,7.41032,8.18255,8.48054,8.14512,8.86733,9.79965,8.14581,4.81226,4.24492
496,7.41032,4.24492,8.18255,8.48054,8.14512,8.86733,9.79965,8.14581,4.81226,5.78976,5.72835
497,8.18255,5.72835,8.48054,8.14512,8.86733,9.79965,8.14581,4.81226,5.78976,4.24492,3.74264
498,8.48054,3.74264,8.14512,8.86733,9.79965,8.14581,4.81226,5.78976,4.24492,5.72835,5.6359
499,8.14512,5.6359,8.86733,9.79965,8.14581,4.81226,5.78976,4.24492,5.72835,3.74264,5.8143
500,8.86733,5.8143,9.79965,8.14581,4.81226,5.78976,4.24492,5.72835,3.74264,5.6359,5.30344
501,9.79965,5.30344,8.14581,4.81226,5.78976,4.24492,5.72835,3.74264,5.6359,5.8143,7.54702
502,8.14581,7.54702,4.81226,5.78976,4.24492,5.72835,3.74264,5.6359,5.8143,5.30344,9.80996
503,4.81226,9.80996,5.78976,4.24492,5.72835,3.74264,5.6359,5.8143,5.30344,7.54702,10.3587
504,5.78976,10.3587,4.24492,5.72835,3.74264,5.6359,5.8143,5.30344,7.54702,9.80996,9.89162
505,4.24492,9.89162,5.72835,3.74264,5.6359,5.8143,5.30344,7.54702,9.80996,10.3587,10.5108
506,5.72835,10.5108,3.74264,5.6359,5.8143,5.30344,7.54702,9.80996,10.3587,9.89162,10.7705
507,3.74264,10.7705,5.6359,5.8143,5.30344,7.54702,9.80996,10.3587,9.89162,10.5108,9.79175
508,5.6359,9.79175,5.8143,5.30344,7.54702,9.80996,10.3587,9.89162,10.5108,10.7705,9.5818
509,5.8143,9.5818,5.30344,7.54702,9.80996,10.3587,9.89162,10.5108,10.7705,9.79175,9.08349
510,5.30344,9.08349,7.54702,9.80996,10.3587,9.89162,10.5108,10.7705,9.79175,9.5818,7.0549
511,7.54702,7.0549,9.80996,10.3587,9.89162,10.5108,10.7705,9.79175,9.5818,9.08349,7.87157
512,9.80996,7.87157,10.3587,9.89162,10.5108,10.7705,9.79175,9.5818,9.08349,7.0549,6.7981
513,10.3587,6.7981,9.89162,10.5108,10.7705,9.79175,9.5818,9.08349,7.0549,7.87157,5.25226
514,9.89162,5.25226,10.5108,10.7705,9.79175,9.5818,9.08349,7.0549,7.87157,6.7981,6.85012
515,10.5108,6.85012,10.7705,9.79175,9.5818,9.08349,7.0549,7.87157,6.7981,5.25226,5.32391
516,10.7705,5.32391,9.79175,9.5818,9.08349,7.0549,7.87157,6.7981,5.25226,6.85012,4.39078
517,9.79175,4.39078,9.5818,9.08349,7.0549,7.87157,6.7981,5.25226,6.85012,5.32391,3.97134
518,9.5818,3.97134,9.08349,7.0549,7.87157,6.7981,5.25226,6.85012,5.32391,4.39078,4.14853
519,9.08349,4.14853,7.0549,7.87157,6.7981,5.25226,6.85012,5.32391,4.39078,3.97134,5.3809
520,7.0549,5.3809,7.87157,6.7981,5.25226,6.85012,5.32391,4.39078,3.97134,4.14853,6.65045
521,7.87157,6.65045,6.7981,5.25226,6.85012,5.32391,4.39078,3.97134,4.14853,5.3809,5.83029
522,6.7981,5.83029,5.25226,6.85012,5.32391,4.39078,3.97134,4.14853,5.3809,6.65045,2.39418
523,5.25226,2.39418,6.85012,5.32391,4.39078,3.97134,4.14853,5.3809,6.65045,5.83029,1.3922
524,6.85012,1.3922,5.32391,4.39078,3.97134,4.14853,5.3809,6.65045,5.83029,2.39418,1.96848
525,5.32391,1.96848,4.39078,3.97134,4.14853,5.3809,6.65045,5.83029,2.39418,1.3922,1.44279
526,4.39078,1.44279,3.97134,4.14853,5.3809,6.65045,5.83029,2.39418,1.3922,1.96848,2.41589
527,3.97134,2.41589,4.14853,5.3809,6.65045,5.83029,2.39418,1.3922,1.96848,1.44279,5.83963
528,4.14853,5.83963,5.3809,6.65045,5.83029,2.39418,1.3922,1.96848,1.44279,2.41589,5.00049
529,5.3809,5.00049,6.65045,5.83029,2.39418,1.3922,1.96848,1.44279,2.41589,5.83963,6.25611
530,6.65045,6.25611,5.83029,2.39418,1.3922,1.96848,1.44279,2.41589,5.83963,5.00049,5.16503
531,5.83029,5.16503,2.39418,1.3922,1.96848,1.44279,2.41589,5.83963,5.00049,6.25611,6.51771
532,2.39418,6.51771,1.3922,1.96848,1.44279,2.41589,5.83963,5.00049,6.25611,5.16503,3.89736
533,1.3922,3.89736,1.96848,1.44279,2.41589,5.83963,5.00049,6.25611,5.16503,6.51771,3.35749
534,1.96848,3.35749,1.44279,2.41589,5.83963,5.00049,6.25611,5.16503,6.51771,3.89736,3.01238
535,1.44279,3.01238,2.41589,5.83963,5.00049,6.25611,5.16503,6.51771,3.89736,3.35749,6.58362
536,2.41589,6.58362,5.83963,5.00049,6.25611,5.16503,6.51771,3.89736,3.35749,3.01238,8.27469
537,5.83963,8.27469,5.00049,6.25611,5.16503,6.51771,3.89736,3.35749,3.01238,6.58362,7.50656
538,5.00049,7.50656,6.25611,5.16503,6.51771,3.89736,3.35749,3.01238,6.58362,8.27469,8.43416
539,6.25611,8.43416,5.16503,6.51771,3.89736,3.35749,3.01238,6.58362,8.27469,7.50656,7.33889
540,5.16503,7.33889,6.51771,3.89736,3.35749,3.01238,6.58362,8.27469,7.50656,8.43416,6.52422
541,6.51771,6.52422,3.89736,3.35749,3.01238,6.58362,8.27469,7.50656,8.43416,7.33889,4.62795
542,3.89736,4.62795,3.35749,3.01238,6.58362,8.27469,7.50656,8.43416,7.33889,6.52422,3.841
543,3.35749,3.841,3.01238,6.58362,8.27469,7.50656,8.43416,7.33889,6.52422,4.62795,4.97581
544,3.01238,4.97581,6.58362,8.27469,7.50656,8.43416,7.33889,6.52422,4.62795,3.841,4.43045
545,6.58362,4.43045,8.27469,7.50656,8.43416,7.33889,6.52422,4.62795,3.841,4.97581,2.05493
546,8.27469,2.05493,7.50656,8.43416,7.33889,6.52422,4.62795,3.841,4.97581,4.43045,1.17015
547,7.50656,1.17015,8.43416,7.33889,6.52422,4.62795,3.841,4.97581,4.43045,2.05493,0.37131
548,8.43416,0.37131,7.33889,6.52422,4.62795,3.841,4.97581,4.43045,2.05493,1.17015,1.64199
549,7.33889,1.64199,6.52422,4.62795,3.841,4.97581,4.43045,2.05493,1.17015,0.37131,2.84769
550,6.52422,2.84769,4.62795,3.841,4.97581,4.43045,2.05493,1.17015,0.37131,1.64199,2.95509
551,4.62795,2.95509,3.841,4.97581,4.43045,2.05493,1.17015,0.37131,1.64199,2.84769,3.1728
552,3.841,3.1728,4.97581,4.43045,2.05493,1.17015,0.37131,1.64199,2.84769,2.95509,1.74485
553,4.97581,1.74485,4.43045,2.05493,1.17015,0.37131,1.64199,2.84769,2.95509,3.1728,2.55952
554,4.43045,2.55952,2.05493,1.17015,0.37131,1.64199,2.84769,2.95509,3.1728,1.74485,3.21767
555,2.05493,3.21767,1.17015,0.37131,1.64199,2.84769,2.95509,3.1728,1.74485,2.55952,4.16213
556,1.17015,4.16213,0.37131,1.64199,2.84769,2.95509,3.1728,1.74485,2.55952,3.21767,3.19166
557,0.37131,3.19166,1.64199,2.84769,2.95509,3.1728,1.74485,2.55952,3.21767,4.16213,4.32487
558,1.64199,4.32487,2.84769,2.95509,3.1728,1.74485,2.55952,3.21767,4.16213,3.19166,4.47898
559,2.84769,4.47898,2.95509,3.1728,1.74485,2.55952,3.21767,4.16213,3.19166,4.32487,3.56958
560,2.95509,3.56958,3.1728,1.74485,2.55952,3.21767,4.16213,3.19166,4.32487,4.47898,3.25838
561,3.1728,3.25838,1.74485,2.55952,3.21767,4.16213,3.19166,4.32487,4.47898,3.56958,3.03178
562,1.74485,3.03178,2.55952,3.21767,4.16213,3.19166,4.32487,4.47898,3.56958,3.25838,3.85541
563,2.55952,3.85541,3.21767,4.16213,3.19166,4.32487,4.47898,3.56958,3.25838,3.03178,3.36293
564,3.21767,3.36293,4.16213,3.19166,4.32487,4.47898,3.56958,3.25838,3.03178,3.85541,3.51305
565,4.16213,3.51305,3.19166,4.32487,4.47898,3.56958,3.25838,3.03178,3.85541,3.36293,3.87416
566,3.19166,3.87416,4.32487,4.47898,3.56958,3.25838,3.03178,3.85541,3.36293,3.51305,3.51965
567,4.32487,3.51965,4.47898,3.56958,3.25838,3.03178,3.85541,3.36293,3.51305,3.87416,2.52449
568,4.47898,2.52449,3.56958,3.25838,3.03178,3.85541,3.36293,3.51305,3.87416,3.51965,1.31558
569,3.56958,1.31558,3.25838,3.03178,3.85541,3.36293,3.51305,3.87416,3.51965,2.52449,4.11107
570,3.25838,4.11107,3.03178,3.85541,3.36293,3.51305,3.87416,3.51965,2.52449,1.31558,6.59306
571,3.03178,6.59306,3.85541,3.36293,3.51305,3.87416,3.51965,2.52449,1.31558,4.11107,6.06509
572,3.85541,6.06509,3.36293,3.51305,3.87416,3.51965,2.52449,1.31558,4.11107,6.59306,7.04941
573,3.36293,7.04941,3.51305,3.87416,3.51965,2.52449,1.31558,4.11107,6.59306,6.06509,9.54409
574,3.51305,9.54409,3.87416,3.51965,2.52449,1.31558,4.11107,6.59306,6.06509,7.04941,6.32368
575,3.87416,6.32368,3.51965,2.52449,1.31558,4.11107,6.59306,6.06509,7.04941,9.54409,8.08614
576,3.51965,8.08614,2.52449,1.31558,4.11107,6.59306,6.06509,7.04941,9.54409,6.32368,5.66791
577,2.52449,5.66791,1.31558,4.11107,6.59306,6.06509,7.04941,9.54409,6.32368,8.08614,8.92066
578,1.31558,8.92066,4.11107,6.59306,6.06509,7.04941,9.54409,6.32368,8.08614,5.66791,7.99746
579,4.11107,7.99746,6.59306,6.06509,7.04941,9.54409,6.32368,8.08614,5.66791,8.92066,8.08968
580,6.59306,8.08968,6.06509,7.04941,9.54409,6.32368,8.08614,5.66791,8.92066,7.99746,8.46573
581,6.06509,8.46573,7.04941,9.54409,6.32368,8.08614,5.66791,8.92066,7.99746,8.08968,7.01946
582,7.04941,7.01946,9.54409,6.32368,8.08614,5.66791,8.92066,7.99746,8.08968,8.46573,7.70474
583,9.54409,7.70474,6.32368,8.08614,5.66791,8.92066,7.99746,8.08968,8.46573,7.01946,7.44788
584,6.32368,7.44788,8.08614,5.66791,8.92066,7.99746,8.08968,8.46573,7.01946,7.70474,7.39466
585,8.08614,7.39466,5.66791,8.92066,7.99746,8.08968,8.46573,7.01946,7.70474,7.44788,8.10895
586,5.66791,8.10895,8.92066,7.99746,8.08968,8.46573,7.01946,7.70474,7.44788,7.39466,7.28238
587,8.92066,7.28238,7.99746,8.08968,8.46573,7.01946,7.70474,7.44788,7.39466,8.10895,4.43512
588,7.99746,4.43512,8.08968,8.46573,7.01946,7.70474,7.44788,7.39466,8.10895,7.28238,5.85307
589,8.08968,5.85307,8.46573,7.01946,7.70474,7.44788,7.39466,8.10895,7.28238,4.43512,6.10598
590,8.46573,6.10598,7.01946,7.70474,7.44788,7.39466,8.10895,7.28238,4.43512,5.85307,3.35362
591,7.01946,3.35362,7.70474,7.44788,7.39466,8.10895,7.28238,4.43512,5.85307,6.10598,3.66604
592,7.70474,3.66604,7.44788,7.39466,8.10895,7.28238,4.43512,5.85307,6.10598,3.35362,3.1457
593,7.44788,3.1457,7.39466,8.10895,7.28238,4.43512,5.85307,6.10598,3.35362,3.66604,3.68366
594,7.39466,3.68366,8.10895,7.28238,4.43512,5.85307,6.10598,3.35362,3.66604,3.1457,4.34626
595,8.10895,4.34626,7.28238,4.43512,5.85307,6.10598,3.35362,3.66604,3.1457,3.68366,4.05849
596,7.28238,4.05849,4.43512,5.85307,6.10598,3.35362,3.66604,3.1457,3.68366,4.34626,4.25768
597,4.43512,4.25768,5.85307,6.10598,3.35362,3.66604,3.1457,3.68366,4.34626,4.05849,6.40227
598,5.85307,6.40227,6.10598,3.35362,3.66604,3.1457,3.68366,4.34626,4.05849,4.25768,3.618
599,6.10598,3.618,3.35362,3.66604,3.1457,3.68366,4.34626,4.05849,4.25768,6.40227,4.29678
600,3.35362,4.29678,3.66604,3.1457,3.68366,4.34626,4.05849,4.25768,6.40227,3.618,3.4636
601,3.66604,3.4636,3.1457,3.68366,4.34626,4.05849,4.25768,6.40227,3.618,4.29678,5.42581
602,3.1457,5.42581,3.68366,4.34626,4.05849,4.25768,6.40227,3.618,4.29678,3.4636,3.12183
603,3.68366,3.12183,4.34626,4.05849,4.25768,6.40227,3.618,4.29678,3.4636,5.42581,3.65207
604,4.34626,3.65207,4.05849,4.25768,6.40227,3.618,4.29678,3.4636,5.42581,3.12183,5.01045
605,4.05849,5.01045,4.25768,6.40227,3.618,4.29678,3.4636,5.42581,3.12183,3.65207,3.3091
606,4.25768,3.3091,6.40227,3.618,4.29678,3.4636,5.42581,3.12183,3.65207,5.01045,3.62223
607,6.40227,3.62223,3.618,4.29678,3.4636,5.42581,3.12183,3.65207,5.01045,3.3091,5.092
608,3.618,5.092,4.29678,3.4636,5.42581,3.12183,3.65207,5.01045,3.3091,3.62223,3.26116
609,4.29678,3.26116,3.4636,5.42581,3.12183,3.65207,5.01045,3.3091,3.62223,5.092,5.54957
610,3.4636,5.54957,5.42581,3.12183,3.65207,5.01045,3.3091,3.62223,5.092,3.26116,3.28273
611,5.42581,3.28273,3.12183,3.65207,5.01045,3.3091,3.62223,5.092,3.26116,5.54957,3.84292
612,3.12183,3.84292,3.65207,5.01045,3.3091,3.62223,5.092,3.26116,5.54957,3.28273,3.6875
613,3.65207,3.6875,5.01045,3.3091,3.62223,5.092,3.26116,5.54957,3.28273,3.84292,3.83206
614,5.01045,3.83206,3.3091,3.62223,5.092,3.26116,5.54957,3.28273,3.84292,3.6875,3.27577
615,3.3091,3.27577,3.62223,5.092,3.26116,5.54957,3.28273,3.84292,3.6875,3.83206,4.4036
616,3.62223,4.4036,5.092,3.26116,5.54957,3.28273,3.84292,3.6875,3.83206,3.27577,3.79993
617,5.092,3.79993,3.26116,5.54957,3.28273,3.84292,3.6875,3.83206,3.27577,4.4036,4.8712
618,3.26116,4.8712,5.54957,3.28273,3.84292,3.6875,3.83206,3.27577,4.4036,3.79993,4.24566
619,5.54957,4.24566,3.28273,3.84292,3.6875,3.83206,3.27577,4.4036,3.79993,4.8712,5.49346
620,3.28273,5.49346,3.84292,3.6875,3.83206,3.27577,4.4036,3.79993,4.8712,4.24566,4.55018
621,3.84292,4.55018,3.6875,3.83206,3.27577,4.4036,3.79993,4.8712,4.24566,5.49346,6.80731
622,3.6875,6.80731,3.83206,3.27577,4.4036,3.79993,4.8712,4.24566,5.49346,4.55018,6.79566
623,3.83206,6.79566,3.27577,4.4036,3.79993,4.8712,4.24566,5.49346,4.55018,6.80731,7.69745
624,3.27577,7.69745,4.4036,3.79993,4.8712,4.24566,5.49346,4.55018,6.80731,6.79566,5.9496
625,4.4036,5.9496,3.79993,4.8712,4.24566,5.49346,4.55018,6.80731,6.79566,7.69745,6.45828
626,3.79993,6.45828,4.8712,4.24566,5.49346,4.55018,6.80731,6.79566,7.69745,5.9496,3.75308
627,4.8712,3.75308,4.24566,5.49346,4.55018,6.80731,6.79566,7.69745,5.9496,6.45828,5.54543
628,4.24566,5.54543,5.49346,4.55018,6.80731,6.79566,7.69745,5.9496,6.45828,3.75308,5.12459
629,5.49346,5.12459,4.55018,6.80731,6.79566,7.69745,5.9496,6.45828,3.75308,5.54543,8.63913
630,4.55018,8.63913,6.80731,6.79566,7.69745,5.9496,6.45828,3.75308,5.54543,5.12459,9.39802
631,6.80731,9.39802,6.79566,7.69745,5.9496,6.45828,3.75308,5.54543,5.12459,8.63913,10.4116
632,6.79566,10.4116,7.69745,5.9496,6.45828,3.75308,5.54543,5.12459,8.63913,9.39802,8.09013
633,7.69745,8.09013,5.9496,6.45828,3.75308,5.54543,5.12459,8.63913,9.39802,10.4116,4.6643
634,5.9496,4.6643,6.45828,3.75308,5.54543,5.12459,8.63913,9.39802,10.4116,8.09013,7.3233
635,6.45828,7.3233,3.75308,5.54543,5.12459,8.63913,9.39802,10.4116,8.09013,4.6643,4.74629
636,3.75308,4.74629,5.54543,5.12459,8.63913,9.39802,10.4116,8.09013,4.6643,7.3233,3.53763
637,5.54543,3.53763,5.12459,8.63913,9.39802,10.4116,8.09013,4.6643,7.3233,4.74629,4.61347
638,5.12459,4.61347,8.63913,9.39802,10.4116,8.09013,4.6643,7.3233,4.74629,3.53763,4.99895
639,8.63913,4.99895,9.39802,10.4116,8.09013,4.6643,7.3233,4.74629,3.53763,4.61347,4.05391
640,9.39802,4.05391,10.4116,8.09013,4.6643,7.3233,4.74629,3.53763,4.61347,4.99895,8.16347
641,10.4116,8.16347,8.09013,4.6643,7.3233,4.74629,3.53763,4.61347,4.99895,4.05391,7.10285
642,8.09013,7.10285,4.6643,7.3233,4.74629,3.53763,4.61347,4.99895,4.05391,8.16347,8.13032
643,4.6643,8.13032,7.3233,4.74629,3.53763,4.61347,4.99895,4.05391,8.16347,7.10285,7.83167
644,7.3233,7.83167,4.74629,3.53763,4.61347,4.99895,4.05391,8.16347,7.10285,8.13032,6.0924
645,4.74629,6.0924,3.53763,4.61347,4.99895,4.05391,8.16347,7.10285,8.13032,7.83167,8.4323
646,3.53763,8.4323,4.61347,4.99895,4.05391,8.16347,7.10285,8.13032,7.83167,6.0924,6.89526
647,4.61347,6.89526,4.99895,4.05391,8.16347,7.10285,8.13032,7.83167,6.0924,8.4323,11.6481
648,4.99895,11.6481,4.05391,8.16347,7.10285,8.13032,7.83167,6.0924,8.4323,6.89526,10.3432
649,4.05391,10.3432,8.16347,7.10285,8.13032,7.83167,6.0924,8.4323,6.89526,11.6481,6.54636
650,8.16347,6.54636,7.10285,8.13032,7.83167,6.0924,8.4323,6.89526,11.6481,10.3432,6.43538
651,7.10285,6.43538,8.13032,7.83167,6.0924,8.4323,6.89526,11.6481,10.3432,6.54636,9.58556
652,8.13032,9.58556,7.83167,6.0924,8.4323,6.89526,11.6481,10.3432,6.54636,6.43538,10.0532
653,7.83167,10.0532,6.0924,8.4323,6.89526,11.6481,10.3432,6.54636,6.43538,9.58556,10.5663
654,6.0924,10.5663,8.4323,6.89526,11.6481,10.3432,6.54636,6.43538,9.58556,10.0532,5.37115
655,8.4323,5.37115,6.89526,11.6481,10.3432,6.54636,6.43538,9.58556,10.0532,10.5663,6.73042
656,6.89526,6.73042,11.6481,10.3432,6.54636,6.43538,9.58556,10.0532,10.5663,5.37115,5.12947
657,11.6481,5.12947,10.3432,6.54636,6.43538,9.58556,10.0532,10.5663,5.37115,6.73042,5.89446
658,10.3432,5.89446,6.54636,6.43538,9.58556,10.0532,10.5663,5.37115,6.73042,5.12947,6.2235
659,6.54636,6.2235,6.43538,9.58556,10.0532,10.5663,5.37115,6.73042,5.12947,5.89446,5.31114
